{"tri":{"tri":3574.0,"int":13628.0,"box":14613.0,"tth+bbh":29787.0,"bbxaa":49619.0,"Z":10.7167019005},"int":{"tri":1471.0,"int":8269.0,"box":12965.0,"tth+bbh":15433.0,"bbxaa":24046.0,"Z":33.1599345422},"box":{"tri":2241.0,"int":16325.0,"box":34643.0,"tth+bbh":22706.0,"bbxaa":24664.0,"Z":109.2350060689},"tth+bbh":{"tri":4657.0,"int":24484.0,"box":41273.0,"tth+bbh":1235362.0,"bbxaa":1506815.0,"Z":736.6156589773},"bbxaa":{"tri":342.0,"int":1505.0,"box":1983.0,"tth+bbh":214911.0,"bbxaa":22712380.0,"Z":4742.9659054529},"total":{"tri":12285.0,"int":64211.0,"box":105477.0,"tth+bbh":1518199.0,"bbxaa":24317524.0,"Z":0.0}}