{"ku":{"ku":16799.0,"tri":915.0,"int":5801.0,"box":13579.0,"tth+bbh":26324.0,"bbxaa":20061.0,"Z":58.1426485454},"tri":{"ku":6131.0,"tri":3397.0,"int":12991.0,"box":13985.0,"tth+bbh":28826.0,"bbxaa":44747.0,"Z":10.2387574371},"int":{"ku":2292.0,"tri":1394.0,"int":7881.0,"box":12673.0,"tth+bbh":13159.0,"bbxaa":21141.0,"Z":32.5727906827},"box":{"ku":5043.0,"tri":1678.0,"int":11995.0,"box":24091.0,"tth+bbh":15300.0,"bbxaa":18653.0,"Z":86.9535554483},"tth+bbh":{"ku":10619.0,"tri":4549.0,"int":23961.0,"box":39068.0,"tth+bbh":1219054.0,"bbxaa":1497616.0,"Z":729.1927984929},"bbxaa":{"ku":1018.0,"tri":343.0,"int":1518.0,"box":1968.0,"tth+bbh":215232.0,"bbxaa":22715759.0,"Z":4743.1837146005},"total":{"ku":41902.0,"tri":12276.0,"int":64147.0,"box":105364.0,"tth+bbh":1517895.0,"bbxaa":24317977.0,"Z":0.0}}