{"ku":{"ku":10279.0,"kd":10128.0,"tri":561.0,"int":3443.0,"box":7978.0,"tth+bbh":17483.0,"bbxaa":16875.0,"Z":39.7864317076},"kd":{"ku":8902.0,"kd":9423.0,"tri":837.0,"int":4811.0,"box":9494.0,"tth+bbh":18468.0,"bbxaa":19552.0,"Z":35.2432260227},"tri":{"ku":5187.0,"kd":5899.0,"tri":3135.0,"int":11885.0,"box":12839.0,"tth+bbh":25582.0,"bbxaa":43185.0,"Z":9.5522460402},"int":{"ku":1951.0,"kd":2140.0,"tri":1244.0,"int":7209.0,"box":11582.0,"tth+bbh":11225.0,"bbxaa":18473.0,"Z":31.0732758621},"box":{"ku":4275.0,"kd":4626.0,"tri":1574.0,"int":11211.0,"box":22315.0,"tth+bbh":13605.0,"bbxaa":18412.0,"Z":80.9354287148},"tth+bbh":{"ku":10333.0,"kd":10970.0,"tri":4601.0,"int":24153.0,"box":39273.0,"tth+bbh":1218743.0,"bbxaa":1497993.0,"Z":727.5505837023},"bbxaa":{"ku":968.0,"kd":1100.0,"tri":327.0,"int":1458.0,"box":1909.0,"tth+bbh":213117.0,"bbxaa":22703073.0,"Z":4741.9704817303},"total":{"ku":41895.0,"kd":44286.0,"tri":12279.0,"int":64170.0,"box":105390.0,"tth+bbh":1518223.0,"bbxaa":24317563.0,"Z":0.0}}