{"kd":{"kd":27149.0,"hhsm":12502.0,"tth+bbh":51780.0,"bbxaa":54753.0,"Z":71.0074500401},"hhsm":{"kd":2079.0,"hhsm":17454.0,"tth+bbh":6913.0,"bbxaa":6081.0,"Z":96.7771808428},"tth+bbh":{"kd":13893.0,"hhsm":22827.0,"tth+bbh":1246683.0,"bbxaa":1563536.0,"Z":738.8681677376},"bbxaa":{"kd":1215.0,"hhsm":584.0,"tth+bbh":214014.0,"bbxaa":22692190.0,"Z":4741.1401733359},"total":{"kd":44336.0,"hhsm":53367.0,"tth+bbh":1519390.0,"bbxaa":24316560.0,"Z":0.0}}