{"ku":{"ku":17641.0,"kd":16839.0,"Z":95.0034925784},"kd":{"ku":24223.0,"kd":27408.0,"Z":120.6207646616},"total":{"ku":41864.0,"kd":44247.0,"Z":0.0}}