{"ku":{"ku":25878.0,"hhsm":12009.0,"tth+bbh":48191.0,"bbxaa":55709.0,"Z":68.7246444587},"hhsm":{"ku":2462.0,"hhsm":16472.0,"tth+bbh":8369.0,"bbxaa":8353.0,"Z":87.232842257},"tth+bbh":{"ku":12501.0,"hhsm":24084.0,"tth+bbh":1256140.0,"bbxaa":1585256.0,"Z":740.4471810994},"bbxaa":{"ku":1019.0,"hhsm":814.0,"tth+bbh":206801.0,"bbxaa":22667205.0,"Z":4739.2482315214},"total":{"ku":41860.0,"hhsm":53379.0,"tth+bbh":1519501.0,"bbxaa":24316523.0,"Z":0.0}}