{"kd":{"kd":17656.0,"tri":1103.0,"int":6750.0,"box":14696.0,"tth+bbh":29693.0,"bbxaa":26166.0,"Z":56.9655096277},"tri":{"kd":6592.0,"tri":3304.0,"int":12554.0,"box":13721.0,"tth+bbh":26369.0,"bbxaa":44227.0,"Z":10.1116381257},"int":{"kd":2254.0,"tri":1244.0,"int":7213.0,"box":11207.0,"tth+bbh":12483.0,"bbxaa":22532.0,"Z":30.2297042096},"box":{"kd":5298.0,"tri":1737.0,"int":12421.0,"box":25006.0,"tth+bbh":14775.0,"bbxaa":16909.0,"Z":90.6192950967},"tth+bbh":{"kd":11336.0,"tri":4555.0,"int":23776.0,"box":38846.0,"tth+bbh":1218714.0,"bbxaa":1481409.0,"Z":731.1154660052},"bbxaa":{"kd":1139.0,"tri":333.0,"int":1466.0,"box":1966.0,"tth+bbh":215792.0,"bbxaa":22726710.0,"Z":4744.2740790628},"total":{"kd":44275.0,"tri":12276.0,"int":64180.0,"box":105442.0,"tth+bbh":1517826.0,"bbxaa":24317953.0,"Z":0.0}}