{"hhsm":{"hhsm":19919.0,"tth+bbh":18804.0,"bbxaa":21110.0,"Z":81.4323826765},"tth+bbh":{"hhsm":31950.0,"tth+bbh":1286084.0,"bbxaa":1574053.0,"Z":756.2469891642},"bbxaa":{"hhsm":1559.0,"tth+bbh":213142.0,"bbxaa":22722781.0,"Z":4744.4799145005},"total":{"hhsm":53428.0,"tth+bbh":1518030.0,"bbxaa":24317944.0,"Z":0.0}}