{"ku":{"ku":14202.0,"kd":13288.0,"hhsm":5873.0,"tth+bbh":25896.0,"bbxaa":35841.0,"Z":46.0531403383},"kd":{"ku":13394.0,"kd":15080.0,"hhsm":9435.0,"tth+bbh":33866.0,"bbxaa":34986.0,"Z":46.1524781126},"hhsm":{"ku":1475.0,"kd":1704.0,"hhsm":14369.0,"tth+bbh":5441.0,"bbxaa":5685.0,"Z":84.8559703957},"tth+bbh":{"ku":11760.0,"kd":12978.0,"hhsm":23055.0,"tth+bbh":1243562.0,"bbxaa":1573930.0,"Z":734.655153674},"bbxaa":{"ku":999.0,"kd":1173.0,"hhsm":740.0,"tth+bbh":210561.0,"bbxaa":22666217.0,"Z":4738.6428177627},"total":{"ku":41830.0,"kd":44223.0,"hhsm":53472.0,"tth+bbh":1519326.0,"bbxaa":24316659.0,"Z":0.0}}