{"ku":{"ku":10379.0,"kd":17677.0,"hhsm":16936.0,"Z":48.9314248662},"kd":{"ku":19282.0,"kd":19183.0,"hhsm":21751.0,"Z":78.1736833436},"hhsm":{"ku":23809.0,"kd":4999.0,"hhsm":5569.0,"Z":30.0360785083},"total":{"ku":53470.0,"kd":41859.0,"hhsm":44256.0,"Z":0.0}}