{"ku":{"ku":181.0,"kd":101.0,"tri":2.0,"int":13.0,"box":37.0,"tth+bbh":75.0,"bbxaa":469.0,"Z":6.1084541289},"kd":{"ku":168.0,"kd":96.0,"tri":4.0,"int":18.0,"box":41.0,"tth+bbh":95.0,"bbxaa":624.0,"Z":2.9682835877},"tri":{"ku":195.0,"kd":119.0,"tri":26.0,"int":88.0,"box":78.0,"tth+bbh":157.0,"bbxaa":1457.0,"Z":0.5646839156},"int":{"ku":105.0,"kd":65.0,"tri":13.0,"int":80.0,"box":106.0,"tth+bbh":88.0,"bbxaa":782.0,"Z":2.2727639589},"box":{"ku":190.0,"kd":110.0,"tri":15.0,"int":109.0,"box":208.0,"tth+bbh":145.0,"bbxaa":923.0,"Z":5.0447410008},"tth+bbh":{"ku":371.0,"kd":220.0,"tri":36.0,"int":170.0,"box":245.0,"tth+bbh":5388.0,"bbxaa":30683.0,"Z":27.9682025531},"bbxaa":{"ku":141.0,"kd":83.0,"tri":10.0,"int":40.0,"box":47.0,"tth+bbh":1812.0,"bbxaa":286870.0,"Z":533.6222846781},"total":{"ku":1351.0,"kd":794.0,"tri":106.0,"int":518.0,"box":762.0,"tth+bbh":7760.0,"bbxaa":321808.0,"Z":0.0}}