{"ku":{"ku":381.0,"kd":172.0,"hhsm":29.0,"tth+bbh":167.0,"bbxaa":1304.0,"Z":8.4087318057},"kd":{"ku":305.0,"kd":199.0,"hhsm":38.0,"tth+bbh":188.0,"bbxaa":1403.0,"Z":4.308813023},"hhsm":{"ku":136.0,"kd":93.0,"hhsm":155.0,"tth+bbh":99.0,"bbxaa":631.0,"Z":4.6439667623},"tth+bbh":{"ku":402.0,"kd":255.0,"hhsm":118.0,"tth+bbh":5432.0,"bbxaa":30561.0,"Z":28.3285768802},"bbxaa":{"ku":139.0,"kd":82.0,"hhsm":15.0,"tth+bbh":1804.0,"bbxaa":287940.0,"Z":534.7095953268},"total":{"ku":1363.0,"kd":801.0,"hhsm":355.0,"tth+bbh":7690.0,"bbxaa":321839.0,"Z":0.0}}