{"kd":{"kd":175.0,"tri":4.0,"int":25.0,"box":64.0,"tth+bbh":140.0,"bbxaa":816.0,"Z":5.0020420667},"tri":{"kd":117.0,"tri":25.0,"int":84.0,"box":73.0,"tth+bbh":156.0,"bbxaa":1533.0,"Z":0.56070163},"int":{"kd":68.0,"tri":14.0,"int":84.0,"box":109.0,"tth+bbh":100.0,"bbxaa":858.0,"Z":2.3922014416},"box":{"kd":120.0,"tri":16.0,"int":114.0,"box":221.0,"tth+bbh":150.0,"bbxaa":919.0,"Z":5.6316014654},"tth+bbh":{"kd":229.0,"tri":37.0,"int":171.0,"box":247.0,"tth+bbh":5385.0,"bbxaa":30792.0,"Z":28.0480162999},"bbxaa":{"kd":84.0,"tri":10.0,"int":40.0,"box":49.0,"tth+bbh":1834.0,"bbxaa":286873.0,"Z":533.73221983},"total":{"kd":793.0,"tri":106.0,"int":518.0,"box":763.0,"tth+bbh":7765.0,"bbxaa":321791.0,"Z":0.0}}