{"ku":{"ku":297.0,"tri":3.0,"int":22.0,"box":62.0,"tth+bbh":121.0,"bbxaa":654.0,"Z":8.7239814074},"tri":{"ku":201.0,"tri":26.0,"int":86.0,"box":75.0,"tth+bbh":166.0,"bbxaa":1659.0,"Z":0.5526913161},"int":{"ku":106.0,"tri":13.0,"int":80.0,"box":103.0,"tth+bbh":96.0,"bbxaa":868.0,"Z":2.2483977093},"box":{"ku":207.0,"tri":16.0,"int":115.0,"box":222.0,"tth+bbh":155.0,"bbxaa":940.0,"Z":5.4570002716},"tth+bbh":{"ku":380.0,"tri":36.0,"int":169.0,"box":246.0,"tth+bbh":5368.0,"bbxaa":30301.0,"Z":28.0973961646},"bbxaa":{"ku":145.0,"tri":10.0,"int":41.0,"box":49.0,"tth+bbh":1845.0,"bbxaa":287412.0,"Z":534.1695314449},"total":{"ku":1336.0,"tri":104.0,"int":513.0,"box":757.0,"tth+bbh":7751.0,"bbxaa":321834.0,"Z":0.0}}