{"ku":{"ku":70.0,"kd":587.0,"hhsm":277.0,"Z":2.2904699685},"kd":{"ku":111.0,"kd":525.0,"hhsm":353.0,"Z":16.6940287697},"hhsm":{"ku":175.0,"kd":251.0,"hhsm":168.0,"Z":6.8931234948},"total":{"ku":356.0,"kd":1363.0,"hhsm":798.0,"Z":0.0}}