{"kd":{"kd":339.0,"hhsm":55.0,"tth+bbh":283.0,"bbxaa":2050.0,"Z":6.4916803827},"hhsm":{"kd":102.0,"hhsm":160.0,"tth+bbh":107.0,"bbxaa":684.0,"Z":4.9306684109},"tth+bbh":{"kd":275.0,"hhsm":124.0,"tth+bbh":5501.0,"bbxaa":30636.0,"Z":28.779360918},"bbxaa":{"kd":87.0,"hhsm":15.0,"tth+bbh":1803.0,"bbxaa":288466.0,"Z":535.3255998835},"total":{"kd":803.0,"hhsm":354.0,"tth+bbh":7694.0,"bbxaa":321836.0,"Z":0.0}}