{"ku":{"ku":541.0,"kd":251.0,"Z":19.2235979247},"kd":{"ku":818.0,"kd":552.0,"Z":14.913473064},"total":{"ku":1359.0,"kd":803.0,"Z":0.0}}