{"hhsm":{"hhsm":142.0,"tth+bbh":183.0,"bbxaa":1290.0,"Z":3.5334754727},"tth+bbh":{"hhsm":177.0,"tth+bbh":5712.0,"bbxaa":32338.0,"Z":29.2148116342},"bbxaa":{"hhsm":34.0,"tth+bbh":1861.0,"bbxaa":288150.0,"Z":535.0396068738},"total":{"hhsm":353.0,"tth+bbh":7756.0,"bbxaa":321778.0,"Z":0.0}}