{"ku":{"ku":615.0,"hhsm":48.0,"tth+bbh":270.0,"bbxaa":2059.0,"Z":11.243313521},"hhsm":{"ku":170.0,"hhsm":167.0,"tth+bbh":122.0,"bbxaa":781.0,"Z":4.742481316},"tth+bbh":{"ku":433.0,"hhsm":127.0,"tth+bbh":5504.0,"bbxaa":30574.0,"Z":28.7549453188},"bbxaa":{"ku":145.0,"hhsm":15.0,"tth+bbh":1810.0,"bbxaa":288410.0,"Z":535.2133825879},"total":{"ku":1363.0,"hhsm":357.0,"tth+bbh":7706.0,"bbxaa":321824.0,"Z":0.0}}