{"tri":{"tri":28.0,"int":91.0,"box":79.0,"tth+bbh":175.0,"bbxaa":1825.0,"Z":0.5972335373},"int":{"tri":14.0,"int":82.0,"box":107.0,"tth+bbh":99.0,"bbxaa":901.0,"Z":2.36418272},"box":{"tri":17.0,"int":125.0,"box":257.0,"tth+bbh":190.0,"bbxaa":1006.0,"Z":6.435062653},"tth+bbh":{"tri":37.0,"int":176.0,"box":263.0,"tth+bbh":5452.0,"bbxaa":30978.0,"Z":28.3796711307},"bbxaa":{"tri":10.0,"int":41.0,"box":50.0,"tth+bbh":1838.0,"bbxaa":287097.0,"Z":534.0140520575},"total":{"tri":106.0,"int":515.0,"box":756.0,"tth+bbh":7754.0,"bbxaa":321807.0,"Z":0.0}}